,County_1,FIPS,Population,Hum_17,Pre_17,Tmax_17,Tmin_17,WS_17,LSTNight_2017,LSTDay_2017,Chlorophyll_2017,Ag_MEAN_2017,Fs_MEAN_2017,Rn_MEAN_2017,Cases_normalized_2017
0,Adams,17001,65435,83.48972038,2.41457529,28.87826532,16.43038929,3.828487849,19.74,26.59,1.569801847,0.79,0.79,0.76,1.5138441043341355
1,Alexander,17003,5761,92.40908099,1.849714515,29.80049365,18.06072021,2.966212944,20.69,28.37,1.511613428,0.74,0.83,0.67,0.0
2,Bond,17005,16426,87.52634197,2.671293005,29.57846068,16.66475233,3.785671438,20.37,27.47,1.7910305,0.8,0.82,0.8,0.0
3,Boone,17007,53544,94.29935392,3.828716419,26.57944101,13.91545384,3.932771904,15.98,26.8,1.162529295,0.8,0.8,0.76,1.8687048007026328
4,Brown,17009,6578,86.75419884,2.218833902,28.87403164,15.83493554,3.915249811,18.87,27.19,1.746539332,0.8,0.81,0.78,0.0
5,Bureau,17011,32628,89.0000307,2.873430655,27.45474886,14.78569337,3.708971677,17.85,25.63,1.584762543,0.85,0.83,0.81,0.0
6,Calhoun,17013,4739,86.04599076,2.046078973,29.82173698,16.89882327,3.631391072,19.81,26.56,1.805652505,0.8,0.81,0.79,0.0
7,Carroll,17015,14305,92.87032763,3.382079443,27.32973734,14.05728544,3.734362144,17.8,24.74,1.432877475,0.84,0.82,0.79,6.908462867012091
8,Cass,17017,12147,85.99288615,1.651432622,29.37981108,15.88578995,3.976608156,19.67,26.91,1.549726675,0.77,0.79,0.71,0.0
9,Champaign,17019,209689,87.17287352,2.107845156,28.46933413,15.82683492,3.7181257,0.0,0.0,1.382139365,0.78,0.78,0.63,0.0
10,Christian,17021,32304,86.44682664,1.862649689,29.01673657,16.06372475,3.850025144,18.91,27.61,1.48517946,0.8,0.79,0.77,0.0
11,Clark,17023,15441,89.21322051,2.177703114,29.12633474,16.04176957,3.616465909,18.17,27.34,1.366887791,0.8,0.8,0.76,0.0
12,Clay,17025,13184,88.01034734,1.919496628,30.05107403,16.55257413,3.645716545,0.0,0.0,1.275717633,0.73,0.77,0.73,0.0
13,Clinton,17027,37562,86.50549241,1.975902563,29.74424799,17.26469634,3.674456245,22.46,25.9,1.391024456,0.75,0.79,0.68,0.0
14,Coles,17029,50621,86.4599174,1.889236579,28.92053246,16.20624985,3.770011338,17.58,27.62,1.329303107,0.77,0.79,0.67,0.0
15,Cook,17031,5150233,85.99302353,2.644728493,26.98567235,16.0532431,3.840832462,17.8,29.15,0.924031471,0.67,0.72,0.64,0.999842140308232
16,Crawford,17033,18667,91.34095992,2.058746941,29.06349664,16.06539738,3.374272444,18.39,28.02,1.284724667,0.78,0.79,0.77,0.0
17,Cumberland,17035,10766,88.00521381,1.794440168,29.4747909,16.15078715,3.798657063,17.27,27.62,1.322019712,0.78,0.79,0.79,0.0
18,DeKalb,17037,104897,92.88308482,3.33591502,26.84899447,14.16654409,3.984796261,16.84,25.84,1.28333178,0.84,0.81,0.74,0.0
19,De Witt,17039,15638,86.06902132,1.686750401,28.60701741,15.69108149,3.832159555,18.86,27.61,1.31532649,0.79,0.77,0.0,0.0
20,Douglas,17041,19465,86.81304191,1.852270731,28.77467714,15.96559716,3.76857723,0.0,0.0,1.267654138,0.77,0.77,0.65,5.094503031229303
21,DuPage,17043,922921,90.9315972,2.546450143,27.54555045,14.94493132,3.975308231,16.54,28.05,0.734576391,0.72,0.71,0.76,0.6449775064094639
22,Edgar,17045,17161,90.04908983,1.959279971,28.59923957,15.62568926,3.670773567,0.0,0.0,1.346951743,0.79,0.79,0.73,0.0
23,Edwards,17047,6395,89.2293945,2.231451154,30.02201531,17.09930698,3.384262606,0.0,0.0,1.424772515,0.77,0.78,0.73,0.0
24,Effingham,17049,34008,87.57095305,1.855982724,29.76048206,16.28479885,3.836249061,19.6,28.15,1.419701487,0.76,0.78,0.76,0.0
25,Fayette,17051,21336,87.76039421,2.10820395,29.51408719,16.24979406,3.807028906,21.84,26.16,1.648082619,0.78,0.8,0.72,0.0
26,Ford,17053,12961,91.56700946,3.019090986,28.04316354,15.0800383,3.699378192,0.0,0.0,1.508504993,0.81,0.79,0.77,0.0
27,Franklin,17055,38469,88.83478629,1.999551657,29.74724713,17.52913954,2.912973216,22.21,26.75,1.510652112,0.78,0.78,0.77,2.564431337350942
28,Fulton,17057,34340,86.76912803,2.231658906,28.43947894,15.43375781,3.998526997,19.84,26.75,1.590269529,0.82,0.82,0.76,0.0
29,Gallatin,17059,4828,91.9898042,2.388901266,29.68648289,17.50211416,3.088117197,19.28,27.13,1.479904093,0.75,0.82,0.77,0.0
30,Greene,17061,12969,86.36003834,1.900444891,29.45662535,16.47525518,3.734151536,18.93,27.24,1.612419864,0.79,0.79,0.73,0.0
31,Grundy,17063,51054,91.19797153,2.703826546,27.73453748,14.86576357,3.588869808,17.95,26.0,1.441510265,0.81,0.77,0.75,0.0
32,Hamilton,17065,8116,90.26122136,2.284951925,29.83569902,17.17807355,3.181057311,0.0,0.0,1.715928559,0.77,0.79,0.8,0.0
33,Hancock,17067,17708,84.06104095,2.430544132,28.68719798,16.16496002,3.971736653,19.55,25.65,1.697939377,0.82,0.81,0.78,0.0
34,Hardin,17069,3821,93.13323194,2.15265737,29.27673652,17.26043208,3.287582522,20.1,26.2,1.756177833,0.78,0.82,0.82,0.0
35,Henderson,17071,6646,84.91944926,2.438220525,28.35969264,15.68120153,3.974899494,20.13,24.48,1.658975252,0.84,0.8,0.82,0.0
36,Henry,17073,48913,88.78605302,2.88911037,27.79919371,14.95635384,3.816385962,16.8,27.31,1.565552946,0.85,0.82,0.81,0.0
37,Iroquois,17075,27114,92.54691616,3.968137224,27.83495448,15.06662052,3.699161704,16.2,27.85,1.418115899,0.81,0.81,0.78,0.0
38,Jackson,17077,56750,91.1875009,2.451525495,29.73822904,17.36167812,2.947613444,20.61,26.68,1.700405642,0.78,0.82,0.68,3.453992815694943
39,Jasper,17079,9610,88.64401663,2.104955338,29.23317624,16.44616536,3.731234467,19.58,27.99,1.363817044,0.78,0.78,0.74,0.0
40,Jefferson,17081,37684,88.19129562,1.892787366,29.71355068,16.91698405,3.242663974,22.15,27.1,1.521175104,0.75,0.77,0.78,0.0
41,Jersey,17083,21773,87.18735756,2.033272529,29.5350335,16.77675024,3.63074209,20.03,26.6,1.658294122,0.78,0.82,0.76,0.0
42,Jo Daviess,17085,21235,93.74098007,3.567672546,26.46212926,13.75183314,3.709770473,17.82,24.0,1.49702995,0.81,0.8,0.77,0.0
43,Johnson,17087,12417,91.94352043,2.5630352,29.79984588,17.76280719,2.908352577,20.47,26.55,1.99457164,0.8,0.82,0.72,0.0
44,Kane,17089,532403,92.71253415,3.260181254,26.94002269,14.36694419,3.987093913,17.17,29.16,1.098059874,0.8,0.75,0.72,0.3757477379986172
45,Kankakee,17091,109862,92.28108564,3.261819412,27.57955984,15.01623123,3.584325488,17.15,27.6,1.337208813,0.8,0.79,0.76,1.8092998009770216
46,Kendall,17093,128990,91.14139814,2.857047307,27.51181351,14.82745291,3.668518147,15.85,27.32,1.295479137,0.81,0.78,0.8,0.0
47,Knox,17095,49699,88.43475979,2.484987953,27.9300567,14.81687706,3.975097306,17.37,26.6,1.695958545,0.84,0.82,0.67,0.0
48,Lake,17097,696535,91.96546784,4.422210053,25.88461361,14.77201599,4.159084157,17.24,25.5,59.34232677,0.72,0.73,0.75,0.8541229225239332
49,LaSalle,17099,108669,90.16670659,2.69552163,27.66995581,14.69495496,3.720457848,19.22,27.37,1.459513394,0.84,0.78,0.61,0.912225648136323
50,Lawrence,17101,15678,90.1668412,2.021095217,29.43589199,16.61421796,3.382775369,18.1,28.96,1.204407124,0.75,0.78,0.81,0.0
51,Lee,17103,34096,91.94147762,2.885476192,27.16800089,14.35002205,3.866197515,16.84,26.22,1.406590792,0.84,0.81,0.76,2.895193977996526
52,Livingston,17105,35648,91.53236915,2.782691691,28.16600598,14.97028668,3.619199964,16.67,28.01,1.480265901,0.8,0.79,0.79,0.0
53,Logan,17107,28618,85.62340763,2.021150882,28.91815603,15.84748776,3.859518529,18.04,27.95,1.545452457,0.82,0.81,0.8,0.0
54,McDonough,17109,29682,88.40391624,2.35864416,28.29830789,15.47998954,4.022823161,17.2,26.76,1.610823014,0.83,0.81,0.74,0.0
55,McHenry,17111,307774,95.02090858,3.906843843,26.56153593,13.79483651,3.994027628,16.58,26.34,1.151043171,0.79,0.78,0.74,1.2994818316196417
56,McLean,17113,171517,88.69866176,2.370441809,28.47556612,15.32701538,4.007438295,17.22,27.65,1.529230204,0.81,0.79,0.7,0.0
57,Macon,17115,104009,84.51861245,2.0473919,28.82898915,16.22326139,3.81828954,19.53,28.9,1.392971772,0.79,0.76,0.77,0.0
58,Macoupin,17117,44926,86.85554227,2.353506921,29.28615088,16.35955019,3.807513191,18.49,27.64,1.546874968,0.8,0.8,0.68,0.0
59,Madison,17119,262966,87.11338967,2.750657759,29.55599168,17.28720515,3.621335844,20.5,29.59,1.494163322,0.79,0.78,0.72,0.7540028124304904
60,Marion,17121,37205,87.70306739,1.917704326,29.73260039,16.55601942,3.623321687,19.46,28.9,1.486644533,0.75,0.78,0.81,0.0
61,Marshall,17123,11438,88.30493716,2.305194353,28.0935695,15.02807578,3.814620193,18.56,26.05,1.637534043,0.84,0.81,0.79,0.0
62,Mason,17125,13359,85.57943046,2.378550186,29.06442589,15.7624188,3.952556924,20.19,26.13,1.687139713,0.81,0.77,0.77,0.0
63,Massac,17127,13772,92.76093814,2.830628083,29.73910856,18.07118514,2.922096994,21.14,26.8,1.525340482,0.78,0.79,0.79,6.997410957945561
64,Menard,17129,12196,84.07777895,1.952171571,29.15499316,16.13022142,3.95451502,17.61,28.55,1.656890258,0.82,0.81,0.82,0.0
65,Mercer,17131,15437,87.78244667,2.561399527,28.16564638,15.12098174,3.899347025,18.96,25.54,1.594471707,0.84,0.82,0.76,0.0
66,Monroe,17133,34637,85.65836763,1.669963043,30.32552057,17.64118168,3.247105516,20.34,27.65,1.489951891,0.75,0.79,0.79,0.0
67,Montgomery,17135,28414,86.75721879,2.347829172,29.47043054,16.22067754,3.820907213,19.51,27.3,1.527063051,0.8,0.81,0.71,0.0
68,Morgan,17137,33658,86.69970189,1.380142982,29.36955071,15.91812426,3.902285767,19.75,27.37,1.418694061,0.78,0.78,0.0,0.0
69,Moultrie,17139,14501,86.1333906,1.977744774,28.95087698,16.06187407,3.794404699,19.89,26.41,1.458348212,0.78,0.75,0.76,0.0
70,Ogle,17141,50643,93.4504839,3.464883592,27.03833715,14.12383968,3.97008199,16.19,25.99,1.333491748,0.84,0.82,0.8,0.0
71,Peoria,17143,179179,86.19462898,2.370438381,28.10659274,15.24382505,3.935771922,18.88,27.59,1.48802104,0.83,0.8,0.75,0.5478701547733187
72,Perry,17145,20916,88.90569379,2.139186929,29.78375947,17.26345036,3.009038664,18.75,29.54,1.459253667,0.73,0.76,0.71,0.0
73,Piatt,17147,16344,85.8380639,1.738836171,28.72644451,15.97882287,3.760186791,0.0,0.0,1.561099534,0.79,0.78,0.76,0.0
74,Pike,17149,15561,85.83898947,2.194510674,29.33752906,16.47573094,3.769445368,19.45,26.27,1.757314792,0.78,0.79,0.78,0.0
75,Pope,17151,4177,93.21733081,2.377543587,29.57694874,17.45732971,2.978456365,19.3,26.92,2.100924047,0.79,0.84,0.76,0.0
76,Pulaski,17153,5335,92.29430207,1.86090425,29.70870911,18.2195882,2.959007476,20.09,27.53,1.52420263,0.79,0.8,0.82,0.0
77,Putnam,17155,5739,87.7195656,2.578654137,27.76821695,15.04479373,3.740326897,18.82,25.67,1.498178626,0.84,0.8,0.68,0.0
78,Randolph,17157,31782,88.28286697,1.812025694,30.16647777,17.27237389,3.067820626,20.96,28.76,1.375789721,0.73,0.77,0.74,0.0
79,Richland,17159,15513,89.24726747,2.161418188,29.51215753,16.49068655,3.565182598,19.79,28.47,1.296858704,0.75,0.77,0.74,0.0
80,Rock Island,17161,141879,88.15255089,3.069153108,27.90917957,15.16374668,3.755058113,18.9,26.43,1.265823904,0.82,0.79,0.65,0.0
81,St. Clair,17163,259686,85.8947409,1.785990302,30.33244708,17.66056241,3.158624182,21.3,30.57,1.336084553,0.75,0.76,0.74,0.3808073115003808
82,Saline,17165,23491,91.49270727,2.222310207,29.79123612,17.41956696,3.023812216,18.63,29.43,1.542844332,0.75,0.79,0.78,0.0
83,Sangamon,17167,194672,84.18182578,1.656788729,29.37038857,16.32929616,3.892987206,19.75,28.13,1.43896147,0.81,0.8,0.79,0.0
84,Schuyler,17169,6768,86.49736909,2.241679983,28.86214939,15.9174001,4.009405836,18.93,27.36,1.720806137,0.81,0.81,0.76,0.0
85,Scott,17171,4951,86.00177139,1.564243375,29.38237079,16.20924349,3.880629114,18.88,27.14,1.518550343,0.78,0.78,0.74,0.0
86,Shelby,17173,21634,86.95597049,1.943523593,29.37377589,16.1332821,3.822633966,19.79,26.52,1.317698618,0.77,0.78,0.78,0.0
87,Stark,17175,5342,88.23071178,2.548422742,27.71964556,14.71638005,3.855812106,0.0,0.0,1.651665664,0.85,0.83,0.79,0.0
88,Stephenson,17177,44498,94.62153865,4.074588717,26.35619748,13.81169394,3.907062265,14.73,26.78,1.360908378,0.82,0.8,0.77,0.0
89,Tazewell,17179,131803,85.35883456,2.391461906,28.74621286,15.65196743,3.949357863,20.38,28.19,1.532691939,0.83,0.79,0.77,0.0
90,Union,17181,16653,91.63726847,2.198804238,29.81902897,17.73447078,2.877764068,20.43,27.75,1.828382073,0.79,0.82,0.71,0.0
91,Vermilion,17183,75758,90.30036763,2.524362441,28.18155849,15.41712185,3.682211592,18.64,27.57,1.400512627,0.81,0.8,0.82,0.0
92,Wabash,17185,11520,90.7789218,2.341870523,29.71443359,16.8485196,3.253086308,18.77,28.64,1.338341105,0.75,0.78,0.69,0.0
93,Warren,17187,16844,87.37401581,2.342902475,28.08289892,15.09153431,4.003167784,0.0,0.0,1.679182825,0.85,0.83,0.72,0.0
94,Washington,17189,13887,87.42123098,1.968812062,29.75914497,17.230283,3.390652443,0.0,0.0,1.394413977,0.74,0.78,0.77,0.0
95,Wayne,17191,16215,88.294222,1.978849693,30.13116953,16.90927657,3.59709975,0.0,0.0,1.554837007,0.76,0.78,0.79,0.0
96,White,17193,13537,91.84686762,2.484011248,29.6136494,17.12821452,3.262666387,19.08,28.57,1.617663149,0.8,0.8,0.71,0.0
97,Whiteside,17195,55175,90.37150007,3.071367227,27.47881216,14.89120216,3.578727355,17.45,27.45,1.324899709,0.82,0.81,0.74,0.0
98,Will,17197,690743,91.88613126,2.779096262,27.5841715,14.8514293,3.660678083,19.01,27.88,1.026979963,0.78,0.73,0.75,0.1448269969108401
99,Williamson,17199,66597,90.82795405,2.335024554,29.80294952,17.61184546,2.927229161,21.78,27.19,1.548733977,0.79,0.8,0.77,0.0
100,Winnebago,17201,282572,93.71725648,3.636186251,26.61738126,14.11800621,3.928297117,16.25,27.44,1.156344637,0.81,0.79,,1.0538111078716177
101,Woodford,17203,38459,87.44277122,2.051112885,28.57189106,15.10877868,3.929354221,20.06,26.3,1.45549051,0.81,0.8,,0.0
